Workbook

Sheet Comparación
A1: SKU | B1: Planta | C1: Mes | D1: Real (TO) | E1: Planificador (TO) | F1: Modelo interno (TO) | G1: Nuestro modelo ml_mean (TO) | H1: Tiene interno | I1: Error planificador (TO) | J1: Error modelo interno (TO) | K1: Error nuestro modelo (TO) | L1: Error abs. planificador (TO) | M1: Error abs. modelo interno (TO) | N1: Error abs. nuestro modelo (TO) | O1: Error % planificador | P1: Error % modelo interno | Q1: Error % nuestro modelo
A2: HP2/01/115gsm/2190mm | B2: PCEL | C2: 2026-09 | D2: 105.823 | E2: 112 | F2: 112 | G2: 126.895 | H2: =ISNUMBER(F2) | I2: =E2-D2 | J2: =IF(ISNUMBER(F2),F2-D2,"") | K2: =G2-D2 | L2: =ABS(I2) | M2: =IF(ISNUMBER(F2),ABS(F2-D2),"") | N2: =ABS(K2) | O2: =IF(D2=0,"",(E2-D2)/D2) | P2: =IF(ISNUMBER(F2),IF(D2=0,"",(F2-D2)/D2),"") | Q2: =IF(D2=0,"",(G2-D2)/D2)
A3: HP2/01/115gsm/2440mm | B3: PCEL | C3: 2026-09 | D3: 216.365 | E3: 157 | F3: 157 | G3: 180.58 | H3: =ISNUMBER(F3) | I3: =E3-D3 | J3: =IF(ISNUMBER(F3),F3-D3,"") | K3: =G3-D3 | L3: =ABS(I3) | M3: =IF(ISNUMBER(F3),ABS(F3-D3),"") | N3: =ABS(K3) | O3: =IF(D3=0,"",(E3-D3)/D3) | P3: =IF(ISNUMBER(F3),IF(D3=0,"",(F3-D3)/D3),"") | Q3: =IF(D3=0,"",(G3-D3)/D3)
A4: HP2/01/125gsm/2190mm | B4: PCEL | C4: 2026-09 | D4: 108.147 | E4: 100 | F4: 193 | G4: 151.441 | H4: =ISNUMBER(F4) | I4: =E4-D4 | J4: =IF(ISNUMBER(F4),F4-D4,"") | K4: =G4-D4 | L4: =ABS(I4) | M4: =IF(ISNUMBER(F4),ABS(F4-D4),"") | N4: =ABS(K4) | O4: =IF(D4=0,"",(E4-D4)/D4) | P4: =IF(ISNUMBER(F4),IF(D4=0,"",(F4-D4)/D4),"") | Q4: =IF(D4=0,"",(G4-D4)/D4)
A5: HP2/01/125gsm/2440mm | B5: PCEL | C5: 2026-09 | D5: 157.307 | E5: 100 | F5: 236 | G5: 150.24 | H5: =ISNUMBER(F5) | I5: =E5-D5 | J5: =IF(ISNUMBER(F5),F5-D5,"") | K5: =G5-D5 | L5: =ABS(I5) | M5: =IF(ISNUMBER(F5),ABS(F5-D5),"") | N5: =ABS(K5) | O5: =IF(D5=0,"",(E5-D5)/D5) | P5: =IF(ISNUMBER(F5),IF(D5=0,"",(F5-D5)/D5),"") | Q5: =IF(D5=0,"",(G5-D5)/D5)
A6: HP2/01/155gsm/2190mm | B6: PCEL | C6: 2026-09 | D6: 94.195 | E6: 160 | F6: 255 | G6: 178.823 | H6: =ISNUMBER(F6) | I6: =E6-D6 | J6: =IF(ISNUMBER(F6),F6-D6,"") | K6: =G6-D6 | L6: =ABS(I6) | M6: =IF(ISNUMBER(F6),ABS(F6-D6),"") | N6: =ABS(K6) | O6: =IF(D6=0,"",(E6-D6)/D6) | P6: =IF(ISNUMBER(F6),IF(D6=0,"",(F6-D6)/D6),"") | Q6: =IF(D6=0,"",(G6-D6)/D6)
A7: HP2/01/155gsm/2440mm | B7: PCEL | C7: 2026-09 | D7: 190.502 | E7: 135 | F7: 191 | G7: 142.041 | H7: =ISNUMBER(F7) | I7: =E7-D7 | J7: =IF(ISNUMBER(F7),F7-D7,"") | K7: =G7-D7 | L7: =ABS(I7) | M7: =IF(ISNUMBER(F7),ABS(F7-D7),"") | N7: =ABS(K7) | O7: =IF(D7=0,"",(E7-D7)/D7) | P7: =IF(ISNUMBER(F7),IF(D7=0,"",(F7-D7)/D7),"") | Q7: =IF(D7=0,"",(G7-D7)/D7)
A8: K/01/110gsm/2000mm | B8: PCEL | C8: 2026-09 | D8: 14.545 | E8: 25 | F8: 37 | G8: 18.836 | H8: =ISNUMBER(F8) | I8: =E8-D8 | J8: =IF(ISNUMBER(F8),F8-D8,"") | K8: =G8-D8 | L8: =ABS(I8) | M8: =IF(ISNUMBER(F8),ABS(F8-D8),"") | N8: =ABS(K8) | O8: =IF(D8=0,"",(E8-D8)/D8) | P8: =IF(ISNUMBER(F8),IF(D8=0,"",(F8-D8)/D8),"") | Q8: =IF(D8=0,"",(G8-D8)/D8)
A9: K/01/110gsm/2200mm | B9: PCEL | C9: 2026-09 | D9: 44.145 | E9: 55 | F9: 54 | G9: 35.16 | H9: =ISNUMBER(F9) | I9: =E9-D9 | J9: =IF(ISNUMBER(F9),F9-D9,"") | K9: =G9-D9 | L9: =ABS(I9) | M9: =IF(ISNUMBER(F9),ABS(F9-D9),"") | N9: =ABS(K9) | O9: =IF(D9=0,"",(E9-D9)/D9) | P9: =IF(ISNUMBER(F9),IF(D9=0,"",(F9-D9)/D9),"") | Q9: =IF(D9=0,"",(G9-D9)/D9)
A10: K/01/110gsm/2450mm | B10: PCEL | C10: 2026-09 | D10: 62.695 | E10: 75 | F10: 82 | G10: 56.49 | H10: =ISNUMBER(F10) | I10: =E10-D10 | J10: =IF(ISNUMBER(F10),F10-D10,"") | K10: =G10-D10 | L10: =ABS(I10) | M10: =IF(ISNUMBER(F10),ABS(F10-D10),"") | N10: =ABS(K10) | O10: =IF(D10=0,"",(E10-D10)/D10) | P10: =IF(ISNUMBER(F10),IF(D10=0,"",(F10-D10)/D10),"") | Q10: =IF(D10=0,"",(G10-D10)/D10)
A11: K/01/125gsm/2200mm | B11: PCEL | C11: 2026-09 | D11: 44.59 | E11: 50 | F11: 76 | G11: 42.548 | H11: =ISNUMBER(F11) | I11: =E11-D11 | J11: =IF(ISNUMBER(F11),F11-D11,"") | K11: =G11-D11 | L11: =ABS(I11) | M11: =IF(ISNUMBER(F11),ABS(F11-D11),"") | N11: =ABS(K11) | O11: =IF(D11=0,"",(E11-D11)/D11) | P11: =IF(ISNUMBER(F11),IF(D11=0,"",(F11-D11)/D11),"") | Q11: =IF(D11=0,"",(G11-D11)/D11)
A12: K/01/125gsm/2450mm | B12: PCEL | C12: 2026-09 | D12: 88.179 | E12: 100 | F12: 59 | G12: 46.566 | H12: =ISNUMBER(F12) | I12: =E12-D12 | J12: =IF(ISNUMBER(F12),F12-D12,"") | K12: =G12-D12 | L12: =ABS(I12) | M12: =IF(ISNUMBER(F12),ABS(F12-D12),"") | N12: =ABS(K12) | O12: =IF(D12=0,"",(E12-D12)/D12) | P12: =IF(ISNUMBER(F12),IF(D12=0,"",(F12-D12)/D12),"") | Q12: =IF(D12=0,"",(G12-D12)/D12)
A13: K/01/160gsm/2000mm | B13: PCEL | C13: 2026-09 | D13: 34.525 | E13: 45 | F13: 70 | G13: 48.4 | H13: =ISNUMBER(F13) | I13: =E13-D13 | J13: =IF(ISNUMBER(F13),F13-D13,"") | K13: =G13-D13 | L13: =ABS(I13) | M13: =IF(ISNUMBER(F13),ABS(F13-D13),"") | N13: =ABS(K13) | O13: =IF(D13=0,"",(E13-D13)/D13) | P13: =IF(ISNUMBER(F13),IF(D13=0,"",(F13-D13)/D13),"") | Q13: =IF(D13=0,"",(G13-D13)/D13)
... A30: HP2/01/155gsm/2440mm | B30: SALC | C30: 2026-09 | D30: 328.631 | E30: 311 | F30: 168 | G30: 291.567 | H30: =ISNUMBER(F30) | I30: =E30-D30 | J30: =IF(ISNUMBER(F30),F30-D30,"") | K30: =G30-D30 | L30: =ABS(I30) | M30: =IF(ISNUMBER(F30),ABS(F30-D30),"") | N30: =ABS(K30) | O30: =IF(D30=0,"",(E30-D30)/D30) | P30: =IF(ISNUMBER(F30),IF(D30=0,"",(F30-D30)/D30),"") | Q30: =IF(D30=0,"",(G30-D30)/D30)
A31: HP2/01/155gsm/2500mm | B31: SALC | C31: 2026-09 | D31: 109.376 | E31: 110 | F31: faltante | G31: 94.189 | H31: =ISNUMBER(F31) | I31: =E31-D31 | J31: =IF(ISNUMBER(F31),F31-D31,"") | K31: =G31-D31 | L31: =ABS(I31) | M31: =IF(ISNUMBER(F31),ABS(F31-D31),"") | N31: =ABS(K31) | O31: =IF(D31=0,"",(E31-D31)/D31) | P31: =IF(ISNUMBER(F31),IF(D31=0,"",(F31-D31)/D31),"") | Q31: =IF(D31=0,"",(G31-D31)/D31)
A32: K/01/110gsm/2300mm | B32: SALC | C32: 2026-09 | D32: 38.591 | E32: 40 | F32: 35 | G32: 38.813 | H32: =ISNUMBER(F32) | I32: =E32-D32 | J32: =IF(ISNUMBER(F32),F32-D32,"") | K32: =G32-D32 | L32: =ABS(I32) | M32: =IF(ISNUMBER(F32),ABS(F32-D32),"") | N32: =ABS(K32) | O32: =IF(D32=0,"",(E32-D32)/D32) | P32: =IF(ISNUMBER(F32),IF(D32=0,"",(F32-D32)/D32),"") | Q32: =IF(D32=0,"",(G32-D32)/D32)
A33: K/01/110gsm/2450mm | B33: SALC | C33: 2026-09 | D33: 24.528 | E33: 28 | F33: 32 | G33: 26.554 | H33: =ISNUMBER(F33) | I33: =E33-D33 | J33: =IF(ISNUMBER(F33),F33-D33,"") | K33: =G33-D33 | L33: =ABS(I33) | M33: =IF(ISNUMBER(F33),ABS(F33-D33),"") | N33: =ABS(K33) | O33: =IF(D33=0,"",(E33-D33)/D33) | P33: =IF(ISNUMBER(F33),IF(D33=0,"",(F33-D33)/D33),"") | Q33: =IF(D33=0,"",(G33-D33)/D33)
A34: K/01/200gsm/2300mm | B34: SALC | C34: 2026-09 | D34: 68.876 | E34: 58 | F34: 51 | G34: 51.243 | H34: =ISNUMBER(F34) | I34: =E34-D34 | J34: =IF(ISNUMBER(F34),F34-D34,"") | K34: =G34-D34 | L34: =ABS(I34) | M34: =IF(ISNUMBER(F34),ABS(F34-D34),"") | N34: =ABS(K34) | O34: =IF(D34=0,"",(E34-D34)/D34) | P34: =IF(ISNUMBER(F34),IF(D34=0,"",(F34-D34)/D34),"") | Q34: =IF(D34=0,"",(G34-D34)/D34)
A35: K/01/225gsm/2300mm | B35: SALC | C35: 2026-09 | D35: 29.654 | E35: 35 | F35: 33 | G35: 36.25 | H35: =ISNUMBER(F35) | I35: =E35-D35 | J35: =IF(ISNUMBER(F35),F35-D35,"") | K35: =G35-D35 | L35: =ABS(I35) | M35: =IF(ISNUMBER(F35),ABS(F35-D35),"") | N35: =ABS(K35) | O35: =IF(D35=0,"",(E35-D35)/D35) | P35: =IF(ISNUMBER(F35),IF(D35=0,"",(F35-D35)/D35),"") | Q35: =IF(D35=0,"",(G35-D35)/D35)
A36: K/01/225gsm/2450mm | B36: SALC | C36: 2026-09 | D36: 20.96 | E36: 35 | F36: 45 | G36: 30.491 | H36: =ISNUMBER(F36) | I36: =E36-D36 | J36: =IF(ISNUMBER(F36),F36-D36,"") | K36: =G36-D36 | L36: =ABS(I36) | M36: =IF(ISNUMBER(F36),ABS(F36-D36),"") | N36: =ABS(K36) | O36: =IF(D36=0,"",(E36-D36)/D36) | P36: =IF(ISNUMBER(F36),IF(D36=0,"",(F36-D36)/D36),"") | Q36: =IF(D36=0,"",(G36-D36)/D36)
A37: KW2/01/115gsm/2000mm | B37: SALC | C37: 2026-09 | D37: 54.251 | E37: 72 | F37: 67 | G37: 64.595 | H37: =ISNUMBER(F37) | I37: =E37-D37 | J37: =IF(ISNUMBER(F37),F37-D37,"") | K37: =G37-D37 | L37: =ABS(I37) | M37: =IF(ISNUMBER(F37),ABS(F37-D37),"") | N37: =ABS(K37) | O37: =IF(D37=0,"",(E37-D37)/D37) | P37: =IF(ISNUMBER(F37),IF(D37=0,"",(F37-D37)/D37),"") | Q37: =IF(D37=0,"",(G37-D37)/D37)
A38: KW2/01/115gsm/2300mm | B38: SALC | C38: 2026-09 | D38: 80.065 | E38: 120 | F38: 104 | G38: 109.189 | H38: =ISNUMBER(F38) | I38: =E38-D38 | J38: =IF(ISNUMBER(F38),F38-D38,"") | K38: =G38-D38 | L38: =ABS(I38) | M38: =IF(ISNUMBER(F38),ABS(F38-D38),"") | N38: =ABS(K38) | O38: =IF(D38=0,"",(E38-D38)/D38) | P38: =IF(ISNUMBER(F38),IF(D38=0,"",(F38-D38)/D38),"") | Q38: =IF(D38=0,"",(G38-D38)/D38)
A39: KW2/01/115gsm/2450mm | B39: SALC | C39: 2026-09 | D39: 206.063 | E39: 215 | F39: 223 | G39: 218.212 | H39: =ISNUMBER(F39) | I39: =E39-D39 | J39: =IF(ISNUMBER(F39),F39-D39,"") | K39: =G39-D39 | L39: =ABS(I39) | M39: =IF(ISNUMBER(F39),ABS(F39-D39),"") | N39: =ABS(K39) | O39: =IF(D39=0,"",(E39-D39)/D39) | P39: =IF(ISNUMBER(F39),IF(D39=0,"",(F39-D39)/D39),"") | Q39: =IF(D39=0,"",(G39-D39)/D39)
A40: KW2/01/160gsm/2300mm | B40: SALC | C40: 2026-09 | D40: 123.09 | E40: 128 | F40: 17 | G40: 122.897 | H40: =ISNUMBER(F40) | I40: =E40-D40 | J40: =IF(ISNUMBER(F40),F40-D40,"") | K40: =G40-D40 | L40: =ABS(I40) | M40: =IF(ISNUMBER(F40),ABS(F40-D40),"") | N40: =ABS(K40) | O40: =IF(D40=0,"",(E40-D40)/D40) | P40: =IF(ISNUMBER(F40),IF(D40=0,"",(F40-D40)/D40),"") | Q40: =IF(D40=0,"",(G40-D40)/D40)
A41: KW2/01/160gsm/2450mm | B41: SALC | C41: 2026-09 | D41: 153.916 | E41: 100 | F41: 25 | G41: 110.861 | H41: =ISNUMBER(F41) | I41: =E41-D41 | J41: =IF(ISNUMBER(F41),F41-D41,"") | K41: =G41-D41 | L41: =ABS(I41) | M41: =IF(ISNUMBER(F41),ABS(F41-D41),"") | N41: =ABS(K41) | O41: =IF(D41=0,"",(E41-D41)/D41) | P41: =IF(ISNUMBER(F41),IF(D41=0,"",(F41-D41)/D41),"") | Q41: =IF(D41=0,"",(G41-D41)/D41)
A42: KW2/01/160gsm/2500mm | B42: SALC | C42: 2026-09 | D42: 166.245 | E42: 150 | F42: faltante | G42: 119.004 | H42: =ISNUMBER(F42) | I42: =E42-D42 | J42: =IF(ISNUMBER(F42),F42-D42,"") | K42: =G42-D42 | L42: =ABS(I42) | M42: =IF(ISNUMBER(F42),ABS(F42-D42),"") | N42: =ABS(K42) | O42: =IF(D42=0,"",(E42-D42)/D42) | P42: =IF(ISNUMBER(F42),IF(D42=0,"",(F42-D42)/D42),"") | Q42: =IF(D42=0,"",(G42-D42)/D42)
A43: RF1/01/100gsm/1990mm | B43: SALC | C43: 2026-09 | D43: 71.707 | E43: 50 | F43: 33 | G43: 45.857 | H43: =ISNUMBER(F43) | I43: =E43-D43 | J43: =IF(ISNUMBER(F43),F43-D43,"") | K43: =G43-D43 | L43: =ABS(I43) | M43: =IF(ISNUMBER(F43),ABS(F43-D43),"") | N43: =ABS(K43) | O43: =IF(D43=0,"",(E43-D43)/D43) | P43: =IF(ISNUMBER(F43),IF(D43=0,"",(F43-D43)/D43),"") | Q43: =IF(D43=0,"",(G43-D43)/D43)
A44: RF1/01/100gsm/2290mm | B44: SALC | C44: 2026-09 | D44: 136.925 | E44: 222 | F44: 203 | G44: 186.555 | H44: =ISNUMBER(F44) | I44: =E44-D44 | J44: =IF(ISNUMBER(F44),F44-D44,"") | K44: =G44-D44 | L44: =ABS(I44) | M44: =IF(ISNUMBER(F44),ABS(F44-D44),"") | N44: =ABS(K44) | O44: =IF(D44=0,"",(E44-D44)/D44) | P44: =IF(ISNUMBER(F44),IF(D44=0,"",(F44-D44)/D44),"") | Q44: =IF(D44=0,"",(G44-D44)/D44)
A45: RF1/01/100gsm/2350mm | B45: SALC | C45: 2026-09 | D45: 136.067 | E45: 90 | F45: 130 | G45: 106.636 | H45: =ISNUMBER(F45) | I45: =E45-D45 | J45: =IF(ISNUMBER(F45),F45-D45,"") | K45: =G45-D45 | L45: =ABS(I45) | M45: =IF(ISNUMBER(F45),ABS(F45-D45),"") | N45: =ABS(K45) | O45: =IF(D45=0,"",(E45-D45)/D45) | P45: =IF(ISNUMBER(F45),IF(D45=0,"",(F45-D45)/D45),"") | Q45: =IF(D45=0,"",(G45-D45)/D45)
A46: RF1/01/100gsm/2440mm | B46: SALC | C46: 2026-09 | D46: 338.642 | E46: 373 | F46: 320 | G46: 274.613 | H46: =ISNUMBER(F46) | I46: =E46-D46 | J46: =IF(ISNUMBER(F46),F46-D46,"") | K46: =G46-D46 | L46: =ABS(I46) | M46: =IF(ISNUMBER(F46),ABS(F46-D46),"") | N46: =ABS(K46) | O46: =IF(D46=0,"",(E46-D46)/D46) | P46: =IF(ISNUMBER(F46),IF(D46=0,"",(F46-D46)/D46),"") | Q46: =IF(D46=0,"",(G46-D46)/D46)
A47: RF1/01/80gsm/2440mm | B47: SALC | C47: 2026-09 | D47: 30.455 | E47: 45 | F47: 43 | G47: 53.28 | H47: =ISNUMBER(F47) | I47: =E47-D47 | J47: =IF(ISNUMBER(F47),F47-D47,"") | K47: =G47-D47 | L47: =ABS(I47) | M47: =IF(ISNUMBER(F47),ABS(F47-D47),"") | N47: =ABS(K47) | O47: =IF(D47=0,"",(E47-D47)/D47) | P47: =IF(ISNUMBER(F47),IF(D47=0,"",(F47-D47)/D47),"") | Q47: =IF(D47=0,"",(G47-D47)/D47)
A48: TSL/01/100gsm/2300mm | B48: SALC | C48: 2026-09 | D48: 33.02 | E48: 65 | F48: 66 | G48: 48.214 | H48: =ISNUMBER(F48) | I48: =E48-D48 | J48: =IF(ISNUMBER(F48),F48-D48,"") | K48: =G48-D48 | L48: =ABS(I48) | M48: =IF(ISNUMBER(F48),ABS(F48-D48),"") | N48: =ABS(K48) | O48: =IF(D48=0,"",(E48-D48)/D48) | P48: =IF(ISNUMBER(F48),IF(D48=0,"",(F48-D48)/D48),"") | Q48: =IF(D48=0,"",(G48-D48)/D48)
A49: TSL/01/100gsm/2450mm | B49: SALC | C49: 2026-09 | D49: 95.138 | E49: 130 | F49: 119 | G49: 111.621 | H49: =ISNUMBER(F49) | I49: =E49-D49 | J49: =IF(ISNUMBER(F49),F49-D49,"") | K49: =G49-D49 | L49: =ABS(I49) | M49: =IF(ISNUMBER(F49),ABS(F49-D49),"") | N49: =ABS(K49) | O49: =IF(D49=0,"",(E49-D49)/D49) | P49: =IF(ISNUMBER(F49),IF(D49=0,"",(F49-D49)/D49),"") | Q49: =IF(D49=0,"",(G49-D49)/D49)
A50: TSL/01/125gsm/2000mm | B50: SALC | C50: 2026-09 | D50: 39.576 | E50: 32 | F50: 45 | G50: 37.163 | H50: =ISNUMBER(F50) | I50: =E50-D50 | J50: =IF(ISNUMBER(F50),F50-D50,"") | K50: =G50-D50 | L50: =ABS(I50) | M50: =IF(ISNUMBER(F50),ABS(F50-D50),"") | N50: =ABS(K50) | O50: =IF(D50=0,"",(E50-D50)/D50) | P50: =IF(ISNUMBER(F50),IF(D50=0,"",(F50-D50)/D50),"") | Q50: =IF(D50=0,"",(G50-D50)/D50)
A51: TSL/01/125gsm/2300mm | B51: SALC | C51: 2026-09 | D51: 137.43 | E51: 174 | F51: 175 | G51: 138.129 | H51: =ISNUMBER(F51) | I51: =E51-D51 | J51: =IF(ISNUMBER(F51),F51-D51,"") | K51: =G51-D51 | L51: =ABS(I51) | M51: =IF(ISNUMBER(F51),ABS(F51-D51),"") | N51: =ABS(K51) | O51: =IF(D51=0,"",(E51-D51)/D51) | P51: =IF(ISNUMBER(F51),IF(D51=0,"",(F51-D51)/D51),"") | Q51: =IF(D51=0,"",(G51-D51)/D51)
A52: TSL/01/125gsm/2350mm | B52: SALC | C52: 2026-09 | D52: 148.633 | E52: 125 | F52: 175 | G52: 143.472 | H52: =ISNUMBER(F52) | I52: =E52-D52 | J52: =IF(ISNUMBER(F52),F52-D52,"") | K52: =G52-D52 | L52: =ABS(I52) | M52: =IF(ISNUMBER(F52),ABS(F52-D52),"") | N52: =ABS(K52) | O52: =IF(D52=0,"",(E52-D52)/D52) | P52: =IF(ISNUMBER(F52),IF(D52=0,"",(F52-D52)/D52),"") | Q52: =IF(D52=0,"",(G52-D52)/D52)
A53: TSL/01/125gsm/2450mm | B53: SALC | C53: 2026-09 | D53: 268.69 | E53: 290 | F53: 259 | G53: 226.843 | H53: =ISNUMBER(F53) | I53: =E53-D53 | J53: =IF(ISNUMBER(F53),F53-D53,"") | K53: =G53-D53 | L53: =ABS(I53) | M53: =IF(ISNUMBER(F53),ABS(F53-D53),"") | N53: =ABS(K53) | O53: =IF(D53=0,"",(E53-D53)/D53) | P53: =IF(ISNUMBER(F53),IF(D53=0,"",(F53-D53)/D53),"") | Q53: =IF(D53=0,"",(G53-D53)/D53)
A54: TSL/01/150gsm/2000mm | B54: SALC | C54: 2026-09 | D54: 60.198 | E54: 33 | F54: 35 | G54: 31.266 | H54: =ISNUMBER(F54) | I54: =E54-D54 | J54: =IF(ISNUMBER(F54),F54-D54,"") | K54: =G54-D54 | L54: =ABS(I54) | M54: =IF(ISNUMBER(F54),ABS(F54-D54),"") | N54: =ABS(K54) | O54: =IF(D54=0,"",(E54-D54)/D54) | P54: =IF(ISNUMBER(F54),IF(D54=0,"",(F54-D54)/D54),"") | Q54: =IF(D54=0,"",(G54-D54)/D54)
... A56: TSL/01/150gsm/2450mm | B56: SALC | C56: 2026-09 | D56: 203.499 | E56: 210 | F56: 190 | G56: 182.517 | H56: =ISNUMBER(F56) | I56: =E56-D56 | J56: =IF(ISNUMBER(F56),F56-D56,"") | K56: =G56-D56 | L56: =ABS(I56) | M56: =IF(ISNUMBER(F56),ABS(F56-D56),"") | N56: =ABS(K56) | O56: =IF(D56=0,"",(E56-D56)/D56) | P56: =IF(ISNUMBER(F56),IF(D56=0,"",(F56-D56)/D56),"") | Q56: =IF(D56=0,"",(G56-D56)/D56)
A57: TW2000/51/115gsm/2000mm | B57: SALC | C57: 2026-09 | D57: 23.258 | E57: 25 | F57: faltante | G57: 13.338 | H57: =ISNUMBER(F57) | I57: =E57-D57 | J57: =IF(ISNUMBER(F57),F57-D57,"") | K57: =G57-D57 | L57: =ABS(I57) | M57: =IF(ISNUMBER(F57),ABS(F57-D57),"") | N57: =ABS(K57) | O57: =IF(D57=0,"",(E57-D57)/D57) | P57: =IF(ISNUMBER(F57),IF(D57=0,"",(F57-D57)/D57),"") | Q57: =IF(D57=0,"",(G57-D57)/D57)
A58: HP2/01/115gsm/1790mm | B58: SALI | C58: 2026-09 | D58: 60.366 | E58: 88 | F58: faltante | G58: 63.721 | H58: =ISNUMBER(F58) | I58: =E58-D58 | J58: =IF(ISNUMBER(F58),F58-D58,"") | K58: =G58-D58 | L58: =ABS(I58) | M58: =IF(ISNUMBER(F58),ABS(F58-D58),"") | N58: =ABS(K58) | O58: =IF(D58=0,"",(E58-D58)/D58) | P58: =IF(ISNUMBER(F58),IF(D58=0,"",(F58-D58)/D58),"") | Q58: =IF(D58=0,"",(G58-D58)/D58)
A59: HP2/01/115gsm/1850mm | B59: SALI | C59: 2026-09 | D59: 68.357 | E59: 110 | F59: faltante | G59: 135.407 | H59: =ISNUMBER(F59) | I59: =E59-D59 | J59: =IF(ISNUMBER(F59),F59-D59,"") | K59: =G59-D59 | L59: =ABS(I59) | M59: =IF(ISNUMBER(F59),ABS(F59-D59),"") | N59: =ABS(K59) | O59: =IF(D59=0,"",(E59-D59)/D59) | P59: =IF(ISNUMBER(F59),IF(D59=0,"",(F59-D59)/D59),"") | Q59: =IF(D59=0,"",(G59-D59)/D59)
A60: HP2/01/115gsm/1955mm | B60: SALI | C60: 2026-09 | D60: 44.039 | E60: 90 | F60: faltante | G60: 64.924 | H60: =ISNUMBER(F60) | I60: =E60-D60 | J60: =IF(ISNUMBER(F60),F60-D60,"") | K60: =G60-D60 | L60: =ABS(I60) | M60: =IF(ISNUMBER(F60),ABS(F60-D60),"") | N60: =ABS(K60) | O60: =IF(D60=0,"",(E60-D60)/D60) | P60: =IF(ISNUMBER(F60),IF(D60=0,"",(F60-D60)/D60),"") | Q60: =IF(D60=0,"",(G60-D60)/D60)
A61: HP2/01/115gsm/2040mm | B61: SALI | C61: 2026-09 | D61: 49.876 | E61: 56 | F61: faltante | G61: 91.356 | H61: =ISNUMBER(F61) | I61: =E61-D61 | J61: =IF(ISNUMBER(F61),F61-D61,"") | K61: =G61-D61 | L61: =ABS(I61) | M61: =IF(ISNUMBER(F61),ABS(F61-D61),"") | N61: =ABS(K61) | O61: =IF(D61=0,"",(E61-D61)/D61) | P61: =IF(ISNUMBER(F61),IF(D61=0,"",(F61-D61)/D61),"") | Q61: =IF(D61=0,"",(G61-D61)/D61)
A62: HP2/01/115gsm/2150mm | B62: SALI | C62: 2026-09 | D62: 46.018 | E62: 58 | F62: faltante | G62: 70.603 | H62: =ISNUMBER(F62) | I62: =E62-D62 | J62: =IF(ISNUMBER(F62),F62-D62,"") | K62: =G62-D62 | L62: =ABS(I62) | M62: =IF(ISNUMBER(F62),ABS(F62-D62),"") | N62: =ABS(K62) | O62: =IF(D62=0,"",(E62-D62)/D62) | P62: =IF(ISNUMBER(F62),IF(D62=0,"",(F62-D62)/D62),"") | Q62: =IF(D62=0,"",(G62-D62)/D62)
A63: HP2/01/115gsm/2250mm | B63: SALI | C63: 2026-09 | D63: 50.273 | E63: 54 | F63: faltante | G63: 106.118 | H63: =ISNUMBER(F63) | I63: =E63-D63 | J63: =IF(ISNUMBER(F63),F63-D63,"") | K63: =G63-D63 | L63: =ABS(I63) | M63: =IF(ISNUMBER(F63),ABS(F63-D63),"") | N63: =ABS(K63) | O63: =IF(D63=0,"",(E63-D63)/D63) | P63: =IF(ISNUMBER(F63),IF(D63=0,"",(F63-D63)/D63),"") | Q63: =IF(D63=0,"",(G63-D63)/D63)
A64: HP2/01/115gsm/2370mm | B64: SALI | C64: 2026-09 | D64: 29.387 | E64: 35 | F64: faltante | G64: 38.673 | H64: =ISNUMBER(F64) | I64: =E64-D64 | J64: =IF(ISNUMBER(F64),F64-D64,"") | K64: =G64-D64 | L64: =ABS(I64) | M64: =IF(ISNUMBER(F64),ABS(F64-D64),"") | N64: =ABS(K64) | O64: =IF(D64=0,"",(E64-D64)/D64) | P64: =IF(ISNUMBER(F64),IF(D64=0,"",(F64-D64)/D64),"") | Q64: =IF(D64=0,"",(G64-D64)/D64)
A65: HP2/01/115gsm/2440mm | B65: SALI | C65: 2026-09 | D65: 38.521 | E65: 79 | F65: faltante | G65: 81.253 | H65: =ISNUMBER(F65) | I65: =E65-D65 | J65: =IF(ISNUMBER(F65),F65-D65,"") | K65: =G65-D65 | L65: =ABS(I65) | M65: =IF(ISNUMBER(F65),ABS(F65-D65),"") | N65: =ABS(K65) | O65: =IF(D65=0,"",(E65-D65)/D65) | P65: =IF(ISNUMBER(F65),IF(D65=0,"",(F65-D65)/D65),"") | Q65: =IF(D65=0,"",(G65-D65)/D65)
A66: HP2/01/155gsm/1790mm | B66: SALI | C66: 2026-09 | D66: 116.206 | E66: 161 | F66: 47 | G66: 132.226 | H66: =ISNUMBER(F66) | I66: =E66-D66 | J66: =IF(ISNUMBER(F66),F66-D66,"") | K66: =G66-D66 | L66: =ABS(I66) | M66: =IF(ISNUMBER(F66),ABS(F66-D66),"") | N66: =ABS(K66) | O66: =IF(D66=0,"",(E66-D66)/D66) | P66: =IF(ISNUMBER(F66),IF(D66=0,"",(F66-D66)/D66),"") | Q66: =IF(D66=0,"",(G66-D66)/D66)
A67: HP2/01/155gsm/1850mm | B67: SALI | C67: 2026-09 | D67: 157.01 | E67: 295 | F67: 111 | G67: 259.377 | H67: =ISNUMBER(F67) | I67: =E67-D67 | J67: =IF(ISNUMBER(F67),F67-D67,"") | K67: =G67-D67 | L67: =ABS(I67) | M67: =IF(ISNUMBER(F67),ABS(F67-D67),"") | N67: =ABS(K67) | O67: =IF(D67=0,"",(E67-D67)/D67) | P67: =IF(ISNUMBER(F67),IF(D67=0,"",(F67-D67)/D67),"") | Q67: =IF(D67=0,"",(G67-D67)/D67)
A68: HP2/01/155gsm/1955mm | B68: SALI | C68: 2026-09 | D68: 35.321 | E68: 25 | F68: 43 | G68: 70.877 | H68: =ISNUMBER(F68) | I68: =E68-D68 | J68: =IF(ISNUMBER(F68),F68-D68,"") | K68: =G68-D68 | L68: =ABS(I68) | M68: =IF(ISNUMBER(F68),ABS(F68-D68),"") | N68: =ABS(K68) | O68: =IF(D68=0,"",(E68-D68)/D68) | P68: =IF(ISNUMBER(F68),IF(D68=0,"",(F68-D68)/D68),"") | Q68: =IF(D68=0,"",(G68-D68)/D68)
A69: HP2/01/155gsm/2040mm | B69: SALI | C69: 2026-09 | D69: 140.834 | E69: 197 | F69: 64 | G69: 236.043 | H69: =ISNUMBER(F69) | I69: =E69-D69 | J69: =IF(ISNUMBER(F69),F69-D69,"") | K69: =G69-D69 | L69: =ABS(I69) | M69: =IF(ISNUMBER(F69),ABS(F69-D69),"") | N69: =ABS(K69) | O69: =IF(D69=0,"",(E69-D69)/D69) | P69: =IF(ISNUMBER(F69),IF(D69=0,"",(F69-D69)/D69),"") | Q69: =IF(D69=0,"",(G69-D69)/D69)
A70: HP2/01/155gsm/2150mm | B70: SALI | C70: 2026-09 | D70: 125.992 | E70: 134 | F70: 68 | G70: 152.654 | H70: =ISNUMBER(F70) | I70: =E70-D70 | J70: =IF(ISNUMBER(F70),F70-D70,"") | K70: =G70-D70 | L70: =ABS(I70) | M70: =IF(ISNUMBER(F70),ABS(F70-D70),"") | N70: =ABS(K70) | O70: =IF(D70=0,"",(E70-D70)/D70) | P70: =IF(ISNUMBER(F70),IF(D70=0,"",(F70-D70)/D70),"") | Q70: =IF(D70=0,"",(G70-D70)/D70)
A71: HP2/01/155gsm/2250mm | B71: SALI | C71: 2026-09 | D71: 133.582 | E71: 132 | F71: 48 | G71: 215.06 | H71: =ISNUMBER(F71) | I71: =E71-D71 | J71: =IF(ISNUMBER(F71),F71-D71,"") | K71: =G71-D71 | L71: =ABS(I71) | M71: =IF(ISNUMBER(F71),ABS(F71-D71),"") | N71: =ABS(K71) | O71: =IF(D71=0,"",(E71-D71)/D71) | P71: =IF(ISNUMBER(F71),IF(D71=0,"",(F71-D71)/D71),"") | Q71: =IF(D71=0,"",(G71-D71)/D71)
A72: HP2/01/155gsm/2370mm | B72: SALI | C72: 2026-09 | D72: 76.862 | E72: 60 | F72: 21 | G72: 129.901 | H72: =ISNUMBER(F72) | I72: =E72-D72 | J72: =IF(ISNUMBER(F72),F72-D72,"") | K72: =G72-D72 | L72: =ABS(I72) | M72: =IF(ISNUMBER(F72),ABS(F72-D72),"") | N72: =ABS(K72) | O72: =IF(D72=0,"",(E72-D72)/D72) | P72: =IF(ISNUMBER(F72),IF(D72=0,"",(F72-D72)/D72),"") | Q72: =IF(D72=0,"",(G72-D72)/D72)
A73: HP2/01/155gsm/2440mm | B73: SALI | C73: 2026-09 | D73: 93.202 | E73: 193 | F73: 58 | G73: 159.304 | H73: =ISNUMBER(F73) | I73: =E73-D73 | J73: =IF(ISNUMBER(F73),F73-D73,"") | K73: =G73-D73 | L73: =ABS(I73) | M73: =IF(ISNUMBER(F73),ABS(F73-D73),"") | N73: =ABS(K73) | O73: =IF(D73=0,"",(E73-D73)/D73) | P73: =IF(ISNUMBER(F73),IF(D73=0,"",(F73-D73)/D73),"") | Q73: =IF(D73=0,"",(G73-D73)/D73)
A74: K/01/110gsm/1800mm | B74: SALI | C74: 2026-09 | D74: 6.455 | E74: 23 | F74: 13 | G74: 13.276 | H74: =ISNUMBER(F74) | I74: =E74-D74 | J74: =IF(ISNUMBER(F74),F74-D74,"") | K74: =G74-D74 | L74: =ABS(I74) | M74: =IF(ISNUMBER(F74),ABS(F74-D74),"") | N74: =ABS(K74) | O74: =IF(D74=0,"",(E74-D74)/D74) | P74: =IF(ISNUMBER(F74),IF(D74=0,"",(F74-D74)/D74),"") | Q74: =IF(D74=0,"",(G74-D74)/D74)
A75: K/01/110gsm/1850mm | B75: SALI | C75: 2026-09 | D75: 19.465 | E75: 82 | F75: 39 | G75: 26.231 | H75: =ISNUMBER(F75) | I75: =E75-D75 | J75: =IF(ISNUMBER(F75),F75-D75,"") | K75: =G75-D75 | L75: =ABS(I75) | M75: =IF(ISNUMBER(F75),ABS(F75-D75),"") | N75: =ABS(K75) | O75: =IF(D75=0,"",(E75-D75)/D75) | P75: =IF(ISNUMBER(F75),IF(D75=0,"",(F75-D75)/D75),"") | Q75: =IF(D75=0,"",(G75-D75)/D75)
A76: K/01/110gsm/1955mm | B76: SALI | C76: 2026-09 | D76: 20.01 | E76: 46 | F76: 63 | G76: 27.834 | H76: =ISNUMBER(F76) | I76: =E76-D76 | J76: =IF(ISNUMBER(F76),F76-D76,"") | K76: =G76-D76 | L76: =ABS(I76) | M76: =IF(ISNUMBER(F76),ABS(F76-D76),"") | N76: =ABS(K76) | O76: =IF(D76=0,"",(E76-D76)/D76) | P76: =IF(ISNUMBER(F76),IF(D76=0,"",(F76-D76)/D76),"") | Q76: =IF(D76=0,"",(G76-D76)/D76)
A77: K/01/110gsm/2050mm | B77: SALI | C77: 2026-09 | D77: 0 | E77: 20 | F77: 3 | G77: 2.477 | H77: =ISNUMBER(F77) | I77: =E77-D77 | J77: =IF(ISNUMBER(F77),F77-D77,"") | K77: =G77-D77 | L77: =ABS(I77) | M77: =IF(ISNUMBER(F77),ABS(F77-D77),"") | N77: =ABS(K77) | O77: =IF(D77=0,"",(E77-D77)/D77) | P77: =IF(ISNUMBER(F77),IF(D77=0,"",(F77-D77)/D77),"") | Q77: =IF(D77=0,"",(G77-D77)/D77)
... A97: K/01/160gsm/2450mm | B97: SALI | C97: 2026-09 | D97: 21.52 | E97: 29.351 | F97: 27 | G97: 34.128 | H97: =ISNUMBER(F97) | I97: =E97-D97 | J97: =IF(ISNUMBER(F97),F97-D97,"") | K97: =G97-D97 | L97: =ABS(I97) | M97: =IF(ISNUMBER(F97),ABS(F97-D97),"") | N97: =ABS(K97) | O97: =IF(D97=0,"",(E97-D97)/D97) | P97: =IF(ISNUMBER(F97),IF(D97=0,"",(F97-D97)/D97),"") | Q97: =IF(D97=0,"",(G97-D97)/D97)
A98: KW2/01/115gsm/1850mm | B98: SALI | C98: 2026-09 | D98: 28.915 | E98: 42 | F98: faltante | G98: 28.859 | H98: =ISNUMBER(F98) | I98: =E98-D98 | J98: =IF(ISNUMBER(F98),F98-D98,"") | K98: =G98-D98 | L98: =ABS(I98) | M98: =IF(ISNUMBER(F98),ABS(F98-D98),"") | N98: =ABS(K98) | O98: =IF(D98=0,"",(E98-D98)/D98) | P98: =IF(ISNUMBER(F98),IF(D98=0,"",(F98-D98)/D98),"") | Q98: =IF(D98=0,"",(G98-D98)/D98)
A99: KW2/01/115gsm/1955mm | B99: SALI | C99: 2026-09 | D99: 10.929 | E99: 12 | F99: faltante | G99: 19.83 | H99: =ISNUMBER(F99) | I99: =E99-D99 | J99: =IF(ISNUMBER(F99),F99-D99,"") | K99: =G99-D99 | L99: =ABS(I99) | M99: =IF(ISNUMBER(F99),ABS(F99-D99),"") | N99: =ABS(K99) | O99: =IF(D99=0,"",(E99-D99)/D99) | P99: =IF(ISNUMBER(F99),IF(D99=0,"",(F99-D99)/D99),"") | Q99: =IF(D99=0,"",(G99-D99)/D99)
A100: KW2/01/115gsm/2250mm | B100: SALI | C100: 2026-09 | D100: 8.044 | E100: 35 | F100: faltante | G100: 33.942 | H100: =ISNUMBER(F100) | I100: =E100-D100 | J100: =IF(ISNUMBER(F100),F100-D100,"") | K100: =G100-D100 | L100: =ABS(I100) | M100: =IF(ISNUMBER(F100),ABS(F100-D100),"") | N100: =ABS(K100) | O100: =IF(D100=0,"",(E100-D100)/D100) | P100: =IF(ISNUMBER(F100),IF(D100=0,"",(F100-D100)/D100),"") | Q100: =IF(D100=0,"",(G100-D100)/D100)
A101: RF1/01/100gsm/2440mm | B101: SALI | C101: 2026-09 | D101: 41.414 | E101: 42 | F101: 9 | G101: 28.158 | H101: =ISNUMBER(F101) | I101: =E101-D101 | J101: =IF(ISNUMBER(F101),F101-D101,"") | K101: =G101-D101 | L101: =ABS(I101) | M101: =IF(ISNUMBER(F101),ABS(F101-D101),"") | N101: =ABS(K101) | O101: =IF(D101=0,"",(E101-D101)/D101) | P101: =IF(ISNUMBER(F101),IF(D101=0,"",(F101-D101)/D101),"") | Q101: =IF(D101=0,"",(G101-D101)/D101)
A102: SF1/01/160gsm/1790mm | B102: SALI | C102: 2026-09 | D102: 63.795 | E102: 97 | F102: 177 | G102: 57.427 | H102: =ISNUMBER(F102) | I102: =E102-D102 | J102: =IF(ISNUMBER(F102),F102-D102,"") | K102: =G102-D102 | L102: =ABS(I102) | M102: =IF(ISNUMBER(F102),ABS(F102-D102),"") | N102: =ABS(K102) | O102: =IF(D102=0,"",(E102-D102)/D102) | P102: =IF(ISNUMBER(F102),IF(D102=0,"",(F102-D102)/D102),"") | Q102: =IF(D102=0,"",(G102-D102)/D102)
A103: SF1/01/160gsm/1850mm | B103: SALI | C103: 2026-09 | D103: 89.715 | E103: 167 | F103: 273 | G103: 131.491 | H103: =ISNUMBER(F103) | I103: =E103-D103 | J103: =IF(ISNUMBER(F103),F103-D103,"") | K103: =G103-D103 | L103: =ABS(I103) | M103: =IF(ISNUMBER(F103),ABS(F103-D103),"") | N103: =ABS(K103) | O103: =IF(D103=0,"",(E103-D103)/D103) | P103: =IF(ISNUMBER(F103),IF(D103=0,"",(F103-D103)/D103),"") | Q103: =IF(D103=0,"",(G103-D103)/D103)
A104: SF1/01/160gsm/1955mm | B104: SALI | C104: 2026-09 | D104: 56.178 | E104: 67 | F104: 80 | G104: 99.749 | H104: =ISNUMBER(F104) | I104: =E104-D104 | J104: =IF(ISNUMBER(F104),F104-D104,"") | K104: =G104-D104 | L104: =ABS(I104) | M104: =IF(ISNUMBER(F104),ABS(F104-D104),"") | N104: =ABS(K104) | O104: =IF(D104=0,"",(E104-D104)/D104) | P104: =IF(ISNUMBER(F104),IF(D104=0,"",(F104-D104)/D104),"") | Q104: =IF(D104=0,"",(G104-D104)/D104)
A105: SF1/01/160gsm/2040mm | B105: SALI | C105: 2026-09 | D105: 132.964 | E105: 179 | F105: 332 | G105: 211.618 | H105: =ISNUMBER(F105) | I105: =E105-D105 | J105: =IF(ISNUMBER(F105),F105-D105,"") | K105: =G105-D105 | L105: =ABS(I105) | M105: =IF(ISNUMBER(F105),ABS(F105-D105),"") | N105: =ABS(K105) | O105: =IF(D105=0,"",(E105-D105)/D105) | P105: =IF(ISNUMBER(F105),IF(D105=0,"",(F105-D105)/D105),"") | Q105: =IF(D105=0,"",(G105-D105)/D105)
A106: SF1/01/160gsm/2150mm | B106: SALI | C106: 2026-09 | D106: 63.664 | E106: 94 | F106: 218 | G106: 94.058 | H106: =ISNUMBER(F106) | I106: =E106-D106 | J106: =IF(ISNUMBER(F106),F106-D106,"") | K106: =G106-D106 | L106: =ABS(I106) | M106: =IF(ISNUMBER(F106),ABS(F106-D106),"") | N106: =ABS(K106) | O106: =IF(D106=0,"",(E106-D106)/D106) | P106: =IF(ISNUMBER(F106),IF(D106=0,"",(F106-D106)/D106),"") | Q106: =IF(D106=0,"",(G106-D106)/D106)
A107: SF1/01/160gsm/2250mm | B107: SALI | C107: 2026-09 | D107: 91.428 | E107: 96 | F107: 167 | G107: 142.661 | H107: =ISNUMBER(F107) | I107: =E107-D107 | J107: =IF(ISNUMBER(F107),F107-D107,"") | K107: =G107-D107 | L107: =ABS(I107) | M107: =IF(ISNUMBER(F107),ABS(F107-D107),"") | N107: =ABS(K107) | O107: =IF(D107=0,"",(E107-D107)/D107) | P107: =IF(ISNUMBER(F107),IF(D107=0,"",(F107-D107)/D107),"") | Q107: =IF(D107=0,"",(G107-D107)/D107)
A108: SF1/01/160gsm/2370mm | B108: SALI | C108: 2026-09 | D108: 44.141 | E108: 55 | F108: 97 | G108: 133.822 | H108: =ISNUMBER(F108) | I108: =E108-D108 | J108: =IF(ISNUMBER(F108),F108-D108,"") | K108: =G108-D108 | L108: =ABS(I108) | M108: =IF(ISNUMBER(F108),ABS(F108-D108),"") | N108: =ABS(K108) | O108: =IF(D108=0,"",(E108-D108)/D108) | P108: =IF(ISNUMBER(F108),IF(D108=0,"",(F108-D108)/D108),"") | Q108: =IF(D108=0,"",(G108-D108)/D108)
A109: SF1/01/160gsm/2440mm | B109: SALI | C109: 2026-09 | D109: 65.169 | E109: 123 | F109: 134 | G109: 127.125 | H109: =ISNUMBER(F109) | I109: =E109-D109 | J109: =IF(ISNUMBER(F109),F109-D109,"") | K109: =G109-D109 | L109: =ABS(I109) | M109: =IF(ISNUMBER(F109),ABS(F109-D109),"") | N109: =ABS(K109) | O109: =IF(D109=0,"",(E109-D109)/D109) | P109: =IF(ISNUMBER(F109),IF(D109=0,"",(F109-D109)/D109),"") | Q109: =IF(D109=0,"",(G109-D109)/D109)
A110: HP2/01/115gsm/1790mm | B110: SALM | C110: 2026-09 | D110: 82.72 | E110: 70 | F110: 13 | G110: 47.474 | H110: =ISNUMBER(F110) | I110: =E110-D110 | J110: =IF(ISNUMBER(F110),F110-D110,"") | K110: =G110-D110 | L110: =ABS(I110) | M110: =IF(ISNUMBER(F110),ABS(F110-D110),"") | N110: =ABS(K110) | O110: =IF(D110=0,"",(E110-D110)/D110) | P110: =IF(ISNUMBER(F110),IF(D110=0,"",(F110-D110)/D110),"") | Q110: =IF(D110=0,"",(G110-D110)/D110)
A111: HP2/01/115gsm/1850mm | B111: SALM | C111: 2026-09 | D111: 108.05 | E111: 120 | F111: faltante | G111: 35.817 | H111: =ISNUMBER(F111) | I111: =E111-D111 | J111: =IF(ISNUMBER(F111),F111-D111,"") | K111: =G111-D111 | L111: =ABS(I111) | M111: =IF(ISNUMBER(F111),ABS(F111-D111),"") | N111: =ABS(K111) | O111: =IF(D111=0,"",(E111-D111)/D111) | P111: =IF(ISNUMBER(F111),IF(D111=0,"",(F111-D111)/D111),"") | Q111: =IF(D111=0,"",(G111-D111)/D111)
A112: HP2/01/115gsm/1955mm | B112: SALM | C112: 2026-09 | D112: 145.895 | E112: 130 | F112: faltante | G112: 48.436 | H112: =ISNUMBER(F112) | I112: =E112-D112 | J112: =IF(ISNUMBER(F112),F112-D112,"") | K112: =G112-D112 | L112: =ABS(I112) | M112: =IF(ISNUMBER(F112),ABS(F112-D112),"") | N112: =ABS(K112) | O112: =IF(D112=0,"",(E112-D112)/D112) | P112: =IF(ISNUMBER(F112),IF(D112=0,"",(F112-D112)/D112),"") | Q112: =IF(D112=0,"",(G112-D112)/D112)
A113: HP2/01/115gsm/2040mm | B113: SALM | C113: 2026-09 | D113: 87.774 | E113: 60 | F113: faltante | G113: 40.324 | H113: =ISNUMBER(F113) | I113: =E113-D113 | J113: =IF(ISNUMBER(F113),F113-D113,"") | K113: =G113-D113 | L113: =ABS(I113) | M113: =IF(ISNUMBER(F113),ABS(F113-D113),"") | N113: =ABS(K113) | O113: =IF(D113=0,"",(E113-D113)/D113) | P113: =IF(ISNUMBER(F113),IF(D113=0,"",(F113-D113)/D113),"") | Q113: =IF(D113=0,"",(G113-D113)/D113)
A114: HP2/01/115gsm/2150mm | B114: SALM | C114: 2026-09 | D114: 101.911 | E114: 70 | F114: faltante | G114: 28.164 | H114: =ISNUMBER(F114) | I114: =E114-D114 | J114: =IF(ISNUMBER(F114),F114-D114,"") | K114: =G114-D114 | L114: =ABS(I114) | M114: =IF(ISNUMBER(F114),ABS(F114-D114),"") | N114: =ABS(K114) | O114: =IF(D114=0,"",(E114-D114)/D114) | P114: =IF(ISNUMBER(F114),IF(D114=0,"",(F114-D114)/D114),"") | Q114: =IF(D114=0,"",(G114-D114)/D114)
A115: HP2/01/115gsm/2250mm | B115: SALM | C115: 2026-09 | D115: 66.854 | E115: 50 | F115: faltante | G115: 64.605 | H115: =ISNUMBER(F115) | I115: =E115-D115 | J115: =IF(ISNUMBER(F115),F115-D115,"") | K115: =G115-D115 | L115: =ABS(I115) | M115: =IF(ISNUMBER(F115),ABS(F115-D115),"") | N115: =ABS(K115) | O115: =IF(D115=0,"",(E115-D115)/D115) | P115: =IF(ISNUMBER(F115),IF(D115=0,"",(F115-D115)/D115),"") | Q115: =IF(D115=0,"",(G115-D115)/D115)
A116: HP2/01/115gsm/2370mm | B116: SALM | C116: 2026-09 | D116: 25.186 | E116: 30 | F116: faltante | G116: 12.131 | H116: =ISNUMBER(F116) | I116: =E116-D116 | J116: =IF(ISNUMBER(F116),F116-D116,"") | K116: =G116-D116 | L116: =ABS(I116) | M116: =IF(ISNUMBER(F116),ABS(F116-D116),"") | N116: =ABS(K116) | O116: =IF(D116=0,"",(E116-D116)/D116) | P116: =IF(ISNUMBER(F116),IF(D116=0,"",(F116-D116)/D116),"") | Q116: =IF(D116=0,"",(G116-D116)/D116)
A117: HP2/01/115gsm/2440mm | B117: SALM | C117: 2026-09 | D117: 65.242 | E117: 40 | F117: faltante | G117: 44.632 | H117: =ISNUMBER(F117) | I117: =E117-D117 | J117: =IF(ISNUMBER(F117),F117-D117,"") | K117: =G117-D117 | L117: =ABS(I117) | M117: =IF(ISNUMBER(F117),ABS(F117-D117),"") | N117: =ABS(K117) | O117: =IF(D117=0,"",(E117-D117)/D117) | P117: =IF(ISNUMBER(F117),IF(D117=0,"",(F117-D117)/D117),"") | Q117: =IF(D117=0,"",(G117-D117)/D117)
A118: HP2/01/155gsm/1790mm | B118: SALM | C118: 2026-09 | D118: 151.147 | E118: 100 | F118: 76 | G118: 49.633 | H118: =ISNUMBER(F118) | I118: =E118-D118 | J118: =IF(ISNUMBER(F118),F118-D118,"") | K118: =G118-D118 | L118: =ABS(I118) | M118: =IF(ISNUMBER(F118),ABS(F118-D118),"") | N118: =ABS(K118) | O118: =IF(D118=0,"",(E118-D118)/D118) | P118: =IF(ISNUMBER(F118),IF(D118=0,"",(F118-D118)/D118),"") | Q118: =IF(D118=0,"",(G118-D118)/D118)
A119: HP2/01/155gsm/1955mm | B119: SALM | C119: 2026-09 | D119: 293.97 | E119: 270 | F119: 141 | G119: 180.292 | H119: =ISNUMBER(F119) | I119: =E119-D119 | J119: =IF(ISNUMBER(F119),F119-D119,"") | K119: =G119-D119 | L119: =ABS(I119) | M119: =IF(ISNUMBER(F119),ABS(F119-D119),"") | N119: =ABS(K119) | O119: =IF(D119=0,"",(E119-D119)/D119) | P119: =IF(ISNUMBER(F119),IF(D119=0,"",(F119-D119)/D119),"") | Q119: =IF(D119=0,"",(G119-D119)/D119)
A120: HP2/01/155gsm/2040mm | B120: SALM | C120: 2026-09 | D120: 146.578 | E120: 120 | F120: 139 | G120: 92.51 | H120: =ISNUMBER(F120) | I120: =E120-D120 | J120: =IF(ISNUMBER(F120),F120-D120,"") | K120: =G120-D120 | L120: =ABS(I120) | M120: =IF(ISNUMBER(F120),ABS(F120-D120),"") | N120: =ABS(K120) | O120: =IF(D120=0,"",(E120-D120)/D120) | P120: =IF(ISNUMBER(F120),IF(D120=0,"",(F120-D120)/D120),"") | Q120: =IF(D120=0,"",(G120-D120)/D120)
A121: HP2/01/155gsm/2150mm | B121: SALM | C121: 2026-09 | D121: 199.419 | E121: 150 | F121: 121 | G121: 114.475 | H121: =ISNUMBER(F121) | I121: =E121-D121 | J121: =IF(ISNUMBER(F121),F121-D121,"") | K121: =G121-D121 | L121: =ABS(I121) | M121: =IF(ISNUMBER(F121),ABS(F121-D121),"") | N121: =ABS(K121) | O121: =IF(D121=0,"",(E121-D121)/D121) | P121: =IF(ISNUMBER(F121),IF(D121=0,"",(F121-D121)/D121),"") | Q121: =IF(D121=0,"",(G121-D121)/D121)
A122: HP2/01/155gsm/2250mm | B122: SALM | C122: 2026-09 | D122: 78.231 | E122: 90 | F122: 64 | G122: 55.459 | H122: =ISNUMBER(F122) | I122: =E122-D122 | J122: =IF(ISNUMBER(F122),F122-D122,"") | K122: =G122-D122 | L122: =ABS(I122) | M122: =IF(ISNUMBER(F122),ABS(F122-D122),"") | N122: =ABS(K122) | O122: =IF(D122=0,"",(E122-D122)/D122) | P122: =IF(ISNUMBER(F122),IF(D122=0,"",(F122-D122)/D122),"") | Q122: =IF(D122=0,"",(G122-D122)/D122)
A123: HP2/01/155gsm/2370mm | B123: SALM | C123: 2026-09 | D123: 61.929 | E123: 90 | F123: 27 | G123: 100.351 | H123: =ISNUMBER(F123) | I123: =E123-D123 | J123: =IF(ISNUMBER(F123),F123-D123,"") | K123: =G123-D123 | L123: =ABS(I123) | M123: =IF(ISNUMBER(F123),ABS(F123-D123),"") | N123: =ABS(K123) | O123: =IF(D123=0,"",(E123-D123)/D123) | P123: =IF(ISNUMBER(F123),IF(D123=0,"",(F123-D123)/D123),"") | Q123: =IF(D123=0,"",(G123-D123)/D123)
A124: HP2/01/155gsm/2440mm | B124: SALM | C124: 2026-09 | D124: 85.067 | E124: 110 | F124: 54 | G124: 83.908 | H124: =ISNUMBER(F124) | I124: =E124-D124 | J124: =IF(ISNUMBER(F124),F124-D124,"") | K124: =G124-D124 | L124: =ABS(I124) | M124: =IF(ISNUMBER(F124),ABS(F124-D124),"") | N124: =ABS(K124) | O124: =IF(D124=0,"",(E124-D124)/D124) | P124: =IF(ISNUMBER(F124),IF(D124=0,"",(F124-D124)/D124),"") | Q124: =IF(D124=0,"",(G124-D124)/D124)
A125: K/01/110gsm/1800mm | B125: SALM | C125: 2026-09 | D125: 13.775 | E125: 30 | F125: 19 | G125: 16.862 | H125: =ISNUMBER(F125) | I125: =E125-D125 | J125: =IF(ISNUMBER(F125),F125-D125,"") | K125: =G125-D125 | L125: =ABS(I125) | M125: =IF(ISNUMBER(F125),ABS(F125-D125),"") | N125: =ABS(K125) | O125: =IF(D125=0,"",(E125-D125)/D125) | P125: =IF(ISNUMBER(F125),IF(D125=0,"",(F125-D125)/D125),"") | Q125: =IF(D125=0,"",(G125-D125)/D125)
A126: K/01/110gsm/1850mm | B126: SALM | C126: 2026-09 | D126: 35.475 | E126: 40 | F126: 42 | G126: 22.395 | H126: =ISNUMBER(F126) | I126: =E126-D126 | J126: =IF(ISNUMBER(F126),F126-D126,"") | K126: =G126-D126 | L126: =ABS(I126) | M126: =IF(ISNUMBER(F126),ABS(F126-D126),"") | N126: =ABS(K126) | O126: =IF(D126=0,"",(E126-D126)/D126) | P126: =IF(ISNUMBER(F126),IF(D126=0,"",(F126-D126)/D126),"") | Q126: =IF(D126=0,"",(G126-D126)/D126)
A127: K/01/110gsm/1955mm | B127: SALM | C127: 2026-09 | D127: 53.165 | E127: 80 | F127: 38 | G127: 24.184 | H127: =ISNUMBER(F127) | I127: =E127-D127 | J127: =IF(ISNUMBER(F127),F127-D127,"") | K127: =G127-D127 | L127: =ABS(I127) | M127: =IF(ISNUMBER(F127),ABS(F127-D127),"") | N127: =ABS(K127) | O127: =IF(D127=0,"",(E127-D127)/D127) | P127: =IF(ISNUMBER(F127),IF(D127=0,"",(F127-D127)/D127),"") | Q127: =IF(D127=0,"",(G127-D127)/D127)
A128: K/01/110gsm/2050mm | B128: SALM | C128: 2026-09 | D128: 18.785 | E128: 25 | F128: 73 | G128: 22.878 | H128: =ISNUMBER(F128) | I128: =E128-D128 | J128: =IF(ISNUMBER(F128),F128-D128,"") | K128: =G128-D128 | L128: =ABS(I128) | M128: =IF(ISNUMBER(F128),ABS(F128-D128),"") | N128: =ABS(K128) | O128: =IF(D128=0,"",(E128-D128)/D128) | P128: =IF(ISNUMBER(F128),IF(D128=0,"",(F128-D128)/D128),"") | Q128: =IF(D128=0,"",(G128-D128)/D128)
A129: K/01/110gsm/2150mm | B129: SALM | C129: 2026-09 | D129: 31.8 | E129: 35 | F129: 44 | G129: 19.533 | H129: =ISNUMBER(F129) | I129: =E129-D129 | J129: =IF(ISNUMBER(F129),F129-D129,"") | K129: =G129-D129 | L129: =ABS(I129) | M129: =IF(ISNUMBER(F129),ABS(F129-D129),"") | N129: =ABS(K129) | O129: =IF(D129=0,"",(E129-D129)/D129) | P129: =IF(ISNUMBER(F129),IF(D129=0,"",(F129-D129)/D129),"") | Q129: =IF(D129=0,"",(G129-D129)/D129)
... A147: SF1/01/160gsm/2440mm | B147: SALM | C147: 2026-09 | D147: 75.754 | E147: 60 | F147: 73 | G147: 68.962 | H147: =ISNUMBER(F147) | I147: =E147-D147 | J147: =IF(ISNUMBER(F147),F147-D147,"") | K147: =G147-D147 | L147: =ABS(I147) | M147: =IF(ISNUMBER(F147),ABS(F147-D147),"") | N147: =ABS(K147) | O147: =IF(D147=0,"",(E147-D147)/D147) | P147: =IF(ISNUMBER(F147),IF(D147=0,"",(F147-D147)/D147),"") | Q147: =IF(D147=0,"",(G147-D147)/D147)
A148: TSL/01/80gsm/2250mm | B148: SALM | C148: 2026-09 | D148: 0 | E148: 20 | F148: faltante | G148: 23.254 | H148: =ISNUMBER(F148) | I148: =E148-D148 | J148: =IF(ISNUMBER(F148),F148-D148,"") | K148: =G148-D148 | L148: =ABS(I148) | M148: =IF(ISNUMBER(F148),ABS(F148-D148),"") | N148: =ABS(K148) | O148: =IF(D148=0,"",(E148-D148)/D148) | P148: =IF(ISNUMBER(F148),IF(D148=0,"",(F148-D148)/D148),"") | Q148: =IF(D148=0,"",(G148-D148)/D148)
A149: HP2/01/105gsm/2090mm | B149: SBUR | C149: 2026-09 | D149: 13.184 | E149: 18 | F149: 42 | G149: 26.102 | H149: =ISNUMBER(F149) | I149: =E149-D149 | J149: =IF(ISNUMBER(F149),F149-D149,"") | K149: =G149-D149 | L149: =ABS(I149) | M149: =IF(ISNUMBER(F149),ABS(F149-D149),"") | N149: =ABS(K149) | O149: =IF(D149=0,"",(E149-D149)/D149) | P149: =IF(ISNUMBER(F149),IF(D149=0,"",(F149-D149)/D149),"") | Q149: =IF(D149=0,"",(G149-D149)/D149)
A150: HP2/01/105gsm/2440mm | B150: SBUR | C150: 2026-09 | D150: 66.664 | E150: 58 | F150: 48 | G150: 57.821 | H150: =ISNUMBER(F150) | I150: =E150-D150 | J150: =IF(ISNUMBER(F150),F150-D150,"") | K150: =G150-D150 | L150: =ABS(I150) | M150: =IF(ISNUMBER(F150),ABS(F150-D150),"") | N150: =ABS(K150) | O150: =IF(D150=0,"",(E150-D150)/D150) | P150: =IF(ISNUMBER(F150),IF(D150=0,"",(F150-D150)/D150),"") | Q150: =IF(D150=0,"",(G150-D150)/D150)
A151: HP2/01/105gsm/2640mm | B151: SBUR | C151: 2026-09 | D151: 48.952 | E151: 54 | F151: 56 | G151: 42.609 | H151: =ISNUMBER(F151) | I151: =E151-D151 | J151: =IF(ISNUMBER(F151),F151-D151,"") | K151: =G151-D151 | L151: =ABS(I151) | M151: =IF(ISNUMBER(F151),ABS(F151-D151),"") | N151: =ABS(K151) | O151: =IF(D151=0,"",(E151-D151)/D151) | P151: =IF(ISNUMBER(F151),IF(D151=0,"",(F151-D151)/D151),"") | Q151: =IF(D151=0,"",(G151-D151)/D151)
A152: HP2/01/105gsm/2790mm | B152: SBUR | C152: 2026-09 | D152: 98.7 | E152: 80 | F152: 54 | G152: 69.175 | H152: =ISNUMBER(F152) | I152: =E152-D152 | J152: =IF(ISNUMBER(F152),F152-D152,"") | K152: =G152-D152 | L152: =ABS(I152) | M152: =IF(ISNUMBER(F152),ABS(F152-D152),"") | N152: =ABS(K152) | O152: =IF(D152=0,"",(E152-D152)/D152) | P152: =IF(ISNUMBER(F152),IF(D152=0,"",(F152-D152)/D152),"") | Q152: =IF(D152=0,"",(G152-D152)/D152)
A153: HP2/01/115gsm/2090mm | B153: SBUR | C153: 2026-09 | D153: 44.759 | E153: 52 | F153: 41 | G153: 62.667 | H153: =ISNUMBER(F153) | I153: =E153-D153 | J153: =IF(ISNUMBER(F153),F153-D153,"") | K153: =G153-D153 | L153: =ABS(I153) | M153: =IF(ISNUMBER(F153),ABS(F153-D153),"") | N153: =ABS(K153) | O153: =IF(D153=0,"",(E153-D153)/D153) | P153: =IF(ISNUMBER(F153),IF(D153=0,"",(F153-D153)/D153),"") | Q153: =IF(D153=0,"",(G153-D153)/D153)
...

Sheet Excluidos
A1: SKU | B1: Planta | C1: Mes | D1: Planificador (TO) | E1: Motivo | F1: Explicación
A2: TSL/01/100gsm/2200mm | B2: PCEL | C2: 2026-09 | D2: 90 | E2: Menos de 3 meses de historia | F2: El SKU tiene solo 2 meses de consumo antes del mes pronosticado y el modelo necesita al menos 3.
A3: TSL/01/100gsm/2450mm | B3: PCEL | C3: 2026-09 | D3: 190 | E3: Menos de 3 meses de historia | F3: El SKU tiene solo 2 meses de consumo antes del mes pronosticado y el modelo necesita al menos 3.
A4: TW2000/51/115gsm/2200mm | B4: PCEL | C4: 2026-09 | D4: 45 | E4: Menos de 3 meses de historia | F4: El SKU tiene solo 2 meses de consumo antes del mes pronosticado y el modelo necesita al menos 3.
A5: TW2000/51/115gsm/2450mm | B5: PCEL | C5: 2026-09 | D5: 60 | E5: Menos de 3 meses de historia | F5: El SKU tiene solo 2 meses de consumo antes del mes pronosticado y el modelo necesita al menos 3.
A6: HP2/01/155gsm/2500mm | B6: SALC | C6: 2026-09 | D6: 110 | E6: Modelo interno sin pronóstico | F6: El modelo interno tiene 0 en todos los meses para este SKU; se toma como sin pronóstico. Se muestra como faltante en la hoja de comparación y no cuenta en las métricas.
A7: KW2/01/160gsm/2500mm | B7: SALC | C7: 2026-09 | D7: 150 | E7: Modelo interno sin pronóstico | F7: El modelo interno tiene 0 en todos los meses para este SKU; se toma como sin pronóstico. Se muestra como faltante en la hoja de comparación y no cuenta en las métricas.
A8: TW2000/51/115gsm/2000mm | B8: SALC | C8: 2026-09 | D8: 25 | E8: Modelo interno sin pronóstico | F8: El SKU no está en el archivo del modelo interno. Se muestra como faltante en la hoja de comparación y no cuenta en las métricas.
A9: HP2/01/115gsm/1790mm | B9: SALI | C9: 2026-09 | D9: 88 | E9: Modelo interno sin pronóstico | F9: El modelo interno tiene 0 en todos los meses para este SKU; se toma como sin pronóstico. Se muestra como faltante en la hoja de comparación y no cuenta en las métricas.
A10: HP2/01/115gsm/1850mm | B10: SALI | C10: 2026-09 | D10: 110 | E10: Modelo interno sin pronóstico | F10: El modelo interno tiene 0 en todos los meses para este SKU; se toma como sin pronóstico. Se muestra como faltante en la hoja de comparación y no cuenta en las métricas.
A11: HP2/01/115gsm/1955mm | B11: SALI | C11: 2026-09 | D11: 90 | E11: Modelo interno sin pronóstico | F11: El modelo interno tiene 0 en todos los meses para este SKU; se toma como sin pronóstico. Se muestra como faltante en la hoja de comparación y no cuenta en las métricas.
A12: HP2/01/115gsm/2040mm | B12: SALI | C12: 2026-09 | D12: 56 | E12: Modelo interno sin pronóstico | F12: El modelo interno tiene 0 en todos los meses para este SKU; se toma como sin pronóstico. Se muestra como faltante en la hoja de comparación y no cuenta en las métricas.
A13: HP2/01/115gsm/2150mm | B13: SALI | C13: 2026-09 | D13: 58 | E13: Modelo interno sin pronóstico | F13: El modelo interno tiene 0 en todos los meses para este SKU; se toma como sin pronóstico. Se muestra como faltante en la hoja de comparación y no cuenta en las métricas.
... A57: KS/01/215gsm/2450mm | B57: SALM | C57: 2026-09 | D57: 70 | E57: Subgrado distinto | F57: El nombre del SKU no coincide con los datos de consumo porque cambia el subgrado (en los datos: KS/257/215gsm/2450mm). No se cruzó: pendiente de confirmar con el planificador.

Sheet Resumen por planta
A1: Planta | B1: SKU en las tres fuentes | C1: Real (TO) | D1: Planificador (TO) | E1: Modelo interno (TO) | F1: Nuestro modelo (TO) | G1: WAPE planificador | H1: WAPE modelo interno | I1: WAPE nuestro modelo | J1: Acierto planificador | K1: Acierto modelo interno | L1: Acierto nuestro modelo | M1: Sesgo planificador | N1: Sesgo modelo interno | O1: Sesgo nuestro modelo
A2: Todas | B2: =COUNTIFS('Comparación'!$H$2:$H$444,TRUE) | C2: =SUMIFS('Comparación'!$D$2:$D$444,'Comparación'!$H$2:$H$444,TRUE) | D2: =SUMIFS('Comparación'!$E$2:$E$444,'Comparación'!$H$2:$H$444,TRUE) | E2: =SUMIFS('Comparación'!$F$2:$F$444,'Comparación'!$H$2:$H$444,TRUE) | F2: =SUMIFS('Comparación'!$G$2:$G$444,'Comparación'!$H$2:$H$444,TRUE) | G2: =SUMIFS('Comparación'!$L$2:$L$444,'Comparación'!$H$2:$H$444,TRUE)/$C2 | H2: =SUMIFS('Comparación'!$M$2:$M$444,'Comparación'!$H$2:$H$444,TRUE)/$C2 | I2: =SUMIFS('Comparación'!$N$2:$N$444,'Comparación'!$H$2:$H$444,TRUE)/$C2 | J2: =1-G2 | K2: =1-H2 | L2: =1-I2 | M2: =D2/C2-1 | N2: =E2/C2-1 | O2: =F2/C2-1
A3: PCEL | B3: =COUNTIFS('Comparación'!$B$2:$B$444,$A3,'Comparación'!$H$2:$H$444,TRUE) | C3: =SUMIFS('Comparación'!$D$2:$D$444,'Comparación'!$B$2:$B$444,$A3,'Comparación'!$H$2:$H$444,TRUE) | D3: =SUMIFS('Comparación'!$E$2:$E$444,'Comparación'!$B$2:$B$444,$A3,'Comparación'!$H$2:$H$444,TRUE) | E3: =SUMIFS('Comparación'!$F$2:$F$444,'Comparación'!$B$2:$B$444,$A3,'Comparación'!$H$2:$H$444,TRUE) | F3: =SUMIFS('Comparación'!$G$2:$G$444,'Comparación'!$B$2:$B$444,$A3,'Comparación'!$H$2:$H$444,TRUE) | G3: =SUMIFS('Comparación'!$L$2:$L$444,'Comparación'!$B$2:$B$444,$A3,'Comparación'!$H$2:$H$444,TRUE)/$C3 | H3: =SUMIFS('Comparación'!$M$2:$M$444,'Comparación'!$B$2:$B$444,$A3,'Comparación'!$H$2:$H$444,TRUE)/$C3 | I3: =SUMIFS('Comparación'!$N$2:$N$444,'Comparación'!$B$2:$B$444,$A3,'Comparación'!$H$2:$H$444,TRUE)/$C3 | J3: =1-G3 | K3: =1-H3 | L3: =1-I3 | M3: =D3/C3-1 | N3: =E3/C3-1 | O3: =F3/C3-1
A4: SALC | B4: =COUNTIFS('Comparación'!$B$2:$B$444,$A4,'Comparación'!$H$2:$H$444,TRUE) | C4: =SUMIFS('Comparación'!$D$2:$D$444,'Comparación'!$B$2:$B$444,$A4,'Comparación'!$H$2:$H$444,TRUE) | D4: =SUMIFS('Comparación'!$E$2:$E$444,'Comparación'!$B$2:$B$444,$A4,'Comparación'!$H$2:$H$444,TRUE) | E4: =SUMIFS('Comparación'!$F$2:$F$444,'Comparación'!$B$2:$B$444,$A4,'Comparación'!$H$2:$H$444,TRUE) | F4: =SUMIFS('Comparación'!$G$2:$G$444,'Comparación'!$B$2:$B$444,$A4,'Comparación'!$H$2:$H$444,TRUE) | G4: =SUMIFS('Comparación'!$L$2:$L$444,'Comparación'!$B$2:$B$444,$A4,'Comparación'!$H$2:$H$444,TRUE)/$C4 | H4: =SUMIFS('Comparación'!$M$2:$M$444,'Comparación'!$B$2:$B$444,$A4,'Comparación'!$H$2:$H$444,TRUE)/$C4 | I4: =SUMIFS('Comparación'!$N$2:$N$444,'Comparación'!$B$2:$B$444,$A4,'Comparación'!$H$2:$H$444,TRUE)/$C4 | J4: =1-G4 | K4: =1-H4 | L4: =1-I4 | M4: =D4/C4-1 | N4: =E4/C4-1 | O4: =F4/C4-1
A5: SALI | B5: =COUNTIFS('Comparación'!$B$2:$B$444,$A5,'Comparación'!$H$2:$H$444,TRUE) | C5: =SUMIFS('Comparación'!$D$2:$D$444,'Comparación'!$B$2:$B$444,$A5,'Comparación'!$H$2:$H$444,TRUE) | D5: =SUMIFS('Comparación'!$E$2:$E$444,'Comparación'!$B$2:$B$444,$A5,'Comparación'!$H$2:$H$444,TRUE) | E5: =SUMIFS('Comparación'!$F$2:$F$444,'Comparación'!$B$2:$B$444,$A5,'Comparación'!$H$2:$H$444,TRUE) | F5: =SUMIFS('Comparación'!$G$2:$G$444,'Comparación'!$B$2:$B$444,$A5,'Comparación'!$H$2:$H$444,TRUE) | G5: =SUMIFS('Comparación'!$L$2:$L$444,'Comparación'!$B$2:$B$444,$A5,'Comparación'!$H$2:$H$444,TRUE)/$C5 | H5: =SUMIFS('Comparación'!$M$2:$M$444,'Comparación'!$B$2:$B$444,$A5,'Comparación'!$H$2:$H$444,TRUE)/$C5 | I5: =SUMIFS('Comparación'!$N$2:$N$444,'Comparación'!$B$2:$B$444,$A5,'Comparación'!$H$2:$H$444,TRUE)/$C5 | J5: =1-G5 | K5: =1-H5 | L5: =1-I5 | M5: =D5/C5-1 | N5: =E5/C5-1 | O5: =F5/C5-1
A6: SALM | B6: =COUNTIFS('Comparación'!$B$2:$B$444,$A6,'Comparación'!$H$2:$H$444,TRUE) | C6: =SUMIFS('Comparación'!$D$2:$D$444,'Comparación'!$B$2:$B$444,$A6,'Comparación'!$H$2:$H$444,TRUE) | D6: =SUMIFS('Comparación'!$E$2:$E$444,'Comparación'!$B$2:$B$444,$A6,'Comparación'!$H$2:$H$444,TRUE) | E6: =SUMIFS('Comparación'!$F$2:$F$444,'Comparación'!$B$2:$B$444,$A6,'Comparación'!$H$2:$H$444,TRUE) | F6: =SUMIFS('Comparación'!$G$2:$G$444,'Comparación'!$B$2:$B$444,$A6,'Comparación'!$H$2:$H$444,TRUE) | G6: =SUMIFS('Comparación'!$L$2:$L$444,'Comparación'!$B$2:$B$444,$A6,'Comparación'!$H$2:$H$444,TRUE)/$C6 | H6: =SUMIFS('Comparación'!$M$2:$M$444,'Comparación'!$B$2:$B$444,$A6,'Comparación'!$H$2:$H$444,TRUE)/$C6 | I6: =SUMIFS('Comparación'!$N$2:$N$444,'Comparación'!$B$2:$B$444,$A6,'Comparación'!$H$2:$H$444,TRUE)/$C6 | J6: =1-G6 | K6: =1-H6 | L6: =1-I6 | M6: =D6/C6-1 | N6: =E6/C6-1 | O6: =F6/C6-1
A7: SBUR | B7: =COUNTIFS('Comparación'!$B$2:$B$444,$A7,'Comparación'!$H$2:$H$444,TRUE) | C7: =SUMIFS('Comparación'!$D$2:$D$444,'Comparación'!$B$2:$B$444,$A7,'Comparación'!$H$2:$H$444,TRUE) | D7: =SUMIFS('Comparación'!$E$2:$E$444,'Comparación'!$B$2:$B$444,$A7,'Comparación'!$H$2:$H$444,TRUE) | E7: =SUMIFS('Comparación'!$F$2:$F$444,'Comparación'!$B$2:$B$444,$A7,'Comparación'!$H$2:$H$444,TRUE) | F7: =SUMIFS('Comparación'!$G$2:$G$444,'Comparación'!$B$2:$B$444,$A7,'Comparación'!$H$2:$H$444,TRUE) | G7: =SUMIFS('Comparación'!$L$2:$L$444,'Comparación'!$B$2:$B$444,$A7,'Comparación'!$H$2:$H$444,TRUE)/$C7 | H7: =SUMIFS('Comparación'!$M$2:$M$444,'Comparación'!$B$2:$B$444,$A7,'Comparación'!$H$2:$H$444,TRUE)/$C7 | I7: =SUMIFS('Comparación'!$N$2:$N$444,'Comparación'!$B$2:$B$444,$A7,'Comparación'!$H$2:$H$444,TRUE)/$C7 | J7: =1-G7 | K7: =1-H7 | L7: =1-I7 | M7: =D7/C7-1 | N7: =E7/C7-1 | O7: =F7/C7-1
A8: SCAN | B8: =COUNTIFS('Comparación'!$B$2:$B$444,$A8,'Comparación'!$H$2:$H$444,TRUE) | C8: =SUMIFS('Comparación'!$D$2:$D$444,'Comparación'!$B$2:$B$444,$A8,'Comparación'!$H$2:$H$444,TRUE) | D8: =SUMIFS('Comparación'!$E$2:$E$444,'Comparación'!$B$2:$B$444,$A8,'Comparación'!$H$2:$H$444,TRUE) | E8: =SUMIFS('Comparación'!$F$2:$F$444,'Comparación'!$B$2:$B$444,$A8,'Comparación'!$H$2:$H$444,TRUE) | F8: =SUMIFS('Comparación'!$G$2:$G$444,'Comparación'!$B$2:$B$444,$A8,'Comparación'!$H$2:$H$444,TRUE) | G8: =SUMIFS('Comparación'!$L$2:$L$444,'Comparación'!$B$2:$B$444,$A8,'Comparación'!$H$2:$H$444,TRUE)/$C8 | H8: =SUMIFS('Comparación'!$M$2:$M$444,'Comparación'!$B$2:$B$444,$A8,'Comparación'!$H$2:$H$444,TRUE)/$C8 | I8: =SUMIFS('Comparación'!$N$2:$N$444,'Comparación'!$B$2:$B$444,$A8,'Comparación'!$H$2:$H$444,TRUE)/$C8 | J8: =1-G8 | K8: =1-H8 | L8: =1-I8 | M8: =D8/C8-1 | N8: =E8/C8-1 | O8: =F8/C8-1
A9: SCOC | B9: =COUNTIFS('Comparación'!$B$2:$B$444,$A9,'Comparación'!$H$2:$H$444,TRUE) | C9: =SUMIFS('Comparación'!$D$2:$D$444,'Comparación'!$B$2:$B$444,$A9,'Comparación'!$H$2:$H$444,TRUE) | D9: =SUMIFS('Comparación'!$E$2:$E$444,'Comparación'!$B$2:$B$444,$A9,'Comparación'!$H$2:$H$444,TRUE) | E9: =SUMIFS('Comparación'!$F$2:$F$444,'Comparación'!$B$2:$B$444,$A9,'Comparación'!$H$2:$H$444,TRUE) | F9: =SUMIFS('Comparación'!$G$2:$G$444,'Comparación'!$B$2:$B$444,$A9,'Comparación'!$H$2:$H$444,TRUE) | G9: =SUMIFS('Comparación'!$L$2:$L$444,'Comparación'!$B$2:$B$444,$A9,'Comparación'!$H$2:$H$444,TRUE)/$C9 | H9: =SUMIFS('Comparación'!$M$2:$M$444,'Comparación'!$B$2:$B$444,$A9,'Comparación'!$H$2:$H$444,TRUE)/$C9 | I9: =SUMIFS('Comparación'!$N$2:$N$444,'Comparación'!$B$2:$B$444,$A9,'Comparación'!$H$2:$H$444,TRUE)/$C9 | J9: =1-G9 | K9: =1-H9 | L9: =1-I9 | M9: =D9/C9-1 | N9: =E9/C9-1 | O9: =F9/C9-1
A10: SCVA | B10: =COUNTIFS('Comparación'!$B$2:$B$444,$A10,'Comparación'!$H$2:$H$444,TRUE) | C10: =SUMIFS('Comparación'!$D$2:$D$444,'Comparación'!$B$2:$B$444,$A10,'Comparación'!$H$2:$H$444,TRUE) | D10: =SUMIFS('Comparación'!$E$2:$E$444,'Comparación'!$B$2:$B$444,$A10,'Comparación'!$H$2:$H$444,TRUE) | E10: =SUMIFS('Comparación'!$F$2:$F$444,'Comparación'!$B$2:$B$444,$A10,'Comparación'!$H$2:$H$444,TRUE) | F10: =SUMIFS('Comparación'!$G$2:$G$444,'Comparación'!$B$2:$B$444,$A10,'Comparación'!$H$2:$H$444,TRUE) | G10: =SUMIFS('Comparación'!$L$2:$L$444,'Comparación'!$B$2:$B$444,$A10,'Comparación'!$H$2:$H$444,TRUE)/$C10 | H10: =SUMIFS('Comparación'!$M$2:$M$444,'Comparación'!$B$2:$B$444,$A10,'Comparación'!$H$2:$H$444,TRUE)/$C10 | I10: =SUMIFS('Comparación'!$N$2:$N$444,'Comparación'!$B$2:$B$444,$A10,'Comparación'!$H$2:$H$444,TRUE)/$C10 | J10: =1-G10 | K10: =1-H10 | L10: =1-I10 | M10: =D10/C10-1 | N10: =E10/C10-1 | O10: =F10/C10-1
A11: SPAL | B11: =COUNTIFS('Comparación'!$B$2:$B$444,$A11,'Comparación'!$H$2:$H$444,TRUE) | C11: =SUMIFS('Comparación'!$D$2:$D$444,'Comparación'!$B$2:$B$444,$A11,'Comparación'!$H$2:$H$444,TRUE) | D11: =SUMIFS('Comparación'!$E$2:$E$444,'Comparación'!$B$2:$B$444,$A11,'Comparación'!$H$2:$H$444,TRUE) | E11: =SUMIFS('Comparación'!$F$2:$F$444,'Comparación'!$B$2:$B$444,$A11,'Comparación'!$H$2:$H$444,TRUE) | F11: =SUMIFS('Comparación'!$G$2:$G$444,'Comparación'!$B$2:$B$444,$A11,'Comparación'!$H$2:$H$444,TRUE) | G11: =SUMIFS('Comparación'!$L$2:$L$444,'Comparación'!$B$2:$B$444,$A11,'Comparación'!$H$2:$H$444,TRUE)/$C11 | H11: =SUMIFS('Comparación'!$M$2:$M$444,'Comparación'!$B$2:$B$444,$A11,'Comparación'!$H$2:$H$444,TRUE)/$C11 | I11: =SUMIFS('Comparación'!$N$2:$N$444,'Comparación'!$B$2:$B$444,$A11,'Comparación'!$H$2:$H$444,TRUE)/$C11 | J11: =1-G11 | K11: =1-H11 | L11: =1-I11 | M11: =D11/C11-1 | N11: =E11/C11-1 | O11: =F11/C11-1
A12: SQUA | B12: =COUNTIFS('Comparación'!$B$2:$B$444,$A12,'Comparación'!$H$2:$H$444,TRUE) | C12: =SUMIFS('Comparación'!$D$2:$D$444,'Comparación'!$B$2:$B$444,$A12,'Comparación'!$H$2:$H$444,TRUE) | D12: =SUMIFS('Comparación'!$E$2:$E$444,'Comparación'!$B$2:$B$444,$A12,'Comparación'!$H$2:$H$444,TRUE) | E12: =SUMIFS('Comparación'!$F$2:$F$444,'Comparación'!$B$2:$B$444,$A12,'Comparación'!$H$2:$H$444,TRUE) | F12: =SUMIFS('Comparación'!$G$2:$G$444,'Comparación'!$B$2:$B$444,$A12,'Comparación'!$H$2:$H$444,TRUE) | G12: =SUMIFS('Comparación'!$L$2:$L$444,'Comparación'!$B$2:$B$444,$A12,'Comparación'!$H$2:$H$444,TRUE)/$C12 | H12: =SUMIFS('Comparación'!$M$2:$M$444,'Comparación'!$B$2:$B$444,$A12,'Comparación'!$H$2:$H$444,TRUE)/$C12 | I12: =SUMIFS('Comparación'!$N$2:$N$444,'Comparación'!$B$2:$B$444,$A12,'Comparación'!$H$2:$H$444,TRUE)/$C12 | J12: =1-G12 | K12: =1-H12 | L12: =1-I12 | M12: =D12/C12-1 | N12: =E12/C12-1 | O12: =F12/C12-1
A13: SVIG | B13: =COUNTIFS('Comparación'!$B$2:$B$444,$A13,'Comparación'!$H$2:$H$444,TRUE) | C13: =SUMIFS('Comparación'!$D$2:$D$444,'Comparación'!$B$2:$B$444,$A13,'Comparación'!$H$2:$H$444,TRUE) | D13: =SUMIFS('Comparación'!$E$2:$E$444,'Comparación'!$B$2:$B$444,$A13,'Comparación'!$H$2:$H$444,TRUE) | E13: =SUMIFS('Comparación'!$F$2:$F$444,'Comparación'!$B$2:$B$444,$A13,'Comparación'!$H$2:$H$444,TRUE) | F13: =SUMIFS('Comparación'!$G$2:$G$444,'Comparación'!$B$2:$B$444,$A13,'Comparación'!$H$2:$H$444,TRUE) | G13: =SUMIFS('Comparación'!$L$2:$L$444,'Comparación'!$B$2:$B$444,$A13,'Comparación'!$H$2:$H$444,TRUE)/$C13 | H13: =SUMIFS('Comparación'!$M$2:$M$444,'Comparación'!$B$2:$B$444,$A13,'Comparación'!$H$2:$H$444,TRUE)/$C13 | I13: =SUMIFS('Comparación'!$N$2:$N$444,'Comparación'!$B$2:$B$444,$A13,'Comparación'!$H$2:$H$444,TRUE)/$C13 | J13: =1-G13 | K13: =1-H13 | L13: =1-I13 | M13: =D13/C13-1 | N13: =E13/C13-1 | O13: =F13/C13-1
